File	SHaLRTAverage	aBayesAverage	UFBootAverage
/work/oa20474/PhylogenyPipeline/Opsins/Alignments/PASTA/RogueIter_20/SequencesOfInterest.alignment.PASTA.fasta.raxml.reduced.phy.treefile	67.99443990188062142273	.86198528209321340964	87.19133278822567457072
Average	67.99443990188062142273	.86198528209321340964	87.19133278822567457072
